CCDCCBDA,330
DBCABAAD,279
BBDAACAD,278
ACCACBDD,274
ADCAACBA,261
DDDDAACC,259
CCDCBACB,251
DAACDADC,230
DBAABBDD,225
CBBABDAA,218
ACACCBDC,213
CACCBDCA,203
AACADCDA,203
DCDBABAA,189
ADCACDBD,181
DBBCDDAB,181
ABDDDBDD,181
CBABBCBA,179
DADACBCC,179
CAACDCAB,178
DDCDCDDA,177
BBCABABD,174
BCABABDD,174
ACCDACDD,172
ADDAABAA,171
CADACBDD,171
CDCBCCCB,169
ABDCDCDB,169
CDDDBAAB,169
ADCBAADB,169
BBACAADD,168
BAACADDB,167
DCCADAAB,165
CDBCCABD,163
BABACBCB,163
BCDBAAAB,162
DACDBBAA,162
BCACDAAB,161
BACCDCBB,161
CDADADDA,158
DABABAAC,158
AACCDDDC,157
CBBCABAB,156
DDDAACBD,155
CBADDBBA,155
ABCCADAC,155
ACADACBB,154
DDBCCDCD,153
CABABAAA,153
ABDCBBAB,153
DCDBABCC,152
DAADAABC,151
DBACABDD,151
CBBADDBC,150
CBABBAAC,150
BACBBDCD,149
CCDBDCAA,149
BACBCAAC,149
ACDBDBBD,148
DBCCDAAC,147
AABACBDC,147
BCACDDCA,145
ABDCDBAB,144
DDADADDA,144
BDDCCAAB,144
CBCBDBBA,143
ACADDBDB,143
DBDDBCCD,143
BCABABCC,142
BBBADCDB,142
ACDDCBAB,142
DBABBAAC,142
CBBCADBB,141
BCADBBAC,141
BABBAABA,140
ACBCAAAB,140
ACDDBDAD,140
DDBACDBD,139
BBDCBBAC,139
ABBDCBBA,136
CACAACCB,136
DBAACCDC,135
BBDDDAAC,135
ACCDCACA,135
ABBCABAB,135
DBDACBCC,135
ACCDCBAA,132
BBCCABAA,132
ADDCDADA,132
BDAACBDD,131
CCDDDDAA,131
BDBCAADC,131
DCADADDA,131
DAABABCC,131
CBABDACB,130
CDCBABAA,130
BACAABCB,129
CADCCADB,129
CACBABAA,129
DBBADCBD,128
DCDBCAAC,128
DAACBDBD,128
BABABDAC,128
DADBAACD,127
AACDBDDB,127
ACCDCCBB,127
AACCDACB,127
BBBABDDD,127
ACCDADCB,126
BCBCACAD,126
ACDDDAAC,125
AABBAACD,125
CCBCBABC,125
CBADBBCC,125
ACDCCBDB,125
CBBBDCDB,125
ACCDDBDD,124
AACDBDCA,124
BACCCBDC,124
CDCBCCAC,124
CACACAAD,124
DABBDCBD,124
CACCDACD,123
DBDDADAD,123
DBBBACAA,122
DABABACD,122
ABBAABDA,122
CAACDBDB,122
CDDCDCBA,122
CDDCBBDC,122
CDBCBABB,121
BACBDCDB,121
AABACDBB,121
BDCBCCAA,120
ADCDADDC,120
AACACBBA,120
ADAABCDC,120
CCBCACAC,120
ADCDCDAB,120
DADACBDD,120
DAABACDD,119
DABDCCCA,119
AACBDDCD,119
CDCBBCAA,119
ABBAABDB,119
ABDBDADD,119
ACABAABC,119
ADBAACCD,118
CCDDDAAA,117
BCBAACCB,117
CDBBBABD,116
DBBCABDA,116
BAACDCBB,116
AACBDDDD,116
DABDDDCB,116
DADCDCDA,116
BAABBDAB,116
CDDDAACB,116
DAAAADDC,116
BABCAAAB,116
CDDDAACB,116
BAACDCBB,116
CBCACACC,116
DDBACADD,116
BABCBDBB,116
ABBDCDAC,116
DDAAABAC,115
BBDADCAA,115
ACCBCBAA,115
CBCDBBAB,115
CADBDADC,115
ACDCBBBA,114
BBDCDBCA,114
BCDDCBCB,114
ACBBBADB,114
ABDADDBB,114
BBBADADD,114
DCBBABCA,113
ADBAABAB,113
BADCDBBA,113
AACCCBBA,113
AABBDCDD,112
CDADAADB,112
ABACCDAC,112
BBACDCAB,111
BDCDAABB,111
CDADCACB,111
BDACBBDA,111
BBABAACB,111
BDADCDAA,111
DACDDDCA,111
BBDDDAAD,111
BBAABACB,111
AADCACBB,111
BABDDDCA,110
ACDABADB,110
AACCCBDD,110
AACDCACA,110
AAAACDBD,110
DBDADCCD,110
ACBBCADB,110
CBBBBBAB,110
BBBBCCDA,109
DCAABACB,109
BCDDDBAB,109
ABABCDDC,109
CBCBCADD,109
DDDDADDB,109
AABBDBBA,108
ACADDACA,108
CCBABDAC,108
BACBCBDA,108
ACBDDADA,108
CCCDBBAB,108
CBABDADA,108
CBCCDDBA,108
ACBAABBD,107
CCDDBABD,107
BBBBACAD,107
BCCBBCAC,107
BDBCCDCC,107
BCDAABBC,107
CBBBABDD,107
ACBAABBD,107
AABCBABA,107
BDAADBBC,106
CADBABAA,106
ACDBBADB,106
BDDDADAA,106
AACCCBDB,106
BDADDAAA,106
BACCBDDA,106
BDBDCBCC,106
DDBDADDB,105
CCBACBDA,105
BCBCBCAB,105
DABDBDAD,105
BBBBABAD,105
DCDDAACD,105
ADDCBDAB,105
CBDCBCCA,104
BCBCDDCB,104
DBCCDACD,104
BDBCDAAB,104
BBDCDDBC,104
ABCBBBDD,104
CBCDADAD,104
DDABDACC,104
CDBBAACA,103
ACBDDADD,103
DDBBDCBC,103
DCBDADDD,103
BDCBDACD,103
BBBADBCB,103
BCCBBDAD,103
BDADDCBC,103
CCABBAAB,103
CADCACDA,103
BAACDBBC,103
ACCDABCC,102
DDACBDDD,102
CDCBACAD,102
ACABDDAA,102
BDBDACBA,102
AADADCCC,102
CDACBDCC,102
CDADCBBD,102
ACDBBBBB,102
DBCCDDDA,102
BCAACCBC,102
ADCCCADA,102
ABACBCCD,102
ABDCBCCB,101
DBBBBBAC,101
DCDBACCD,101
CCACCAAD,101
DDBBDAAD,101
AAABDDCA,101
ABBBBAAD,101
CDCACAAC,101
ABDCADDC,101
BCBBBBCC,101
DDCDCDBA,101
DADCBCDC,101
ABABACDA,100
BBBBADBB,100
DAADAADC,100
BBCAACDD,100
CABDAACC,100
CADDBDCC,100
DDAACBBB,100
CADDDAAB,100
BDDAACBC,100
DDAACDAC,100
CDDDCBCC,100
BABDACAA,100
DCDDCBCC,100
CDBACCDA,100
BACADBDC,99
CABDACCC,99
CCDABDAC,99
AAADAABB,99
BACDCBBB,99
BCBDCBCC,99
CCDADDBD,99
CDACABDD,99
BADBCCDC,99
ACBCBCCB,99
ACCBDCDD,99
BACAAADB,99
CDBBBABB,99
BCCBBACA,99
ACAABACB,99
DDCADBAB,99
BBBABDCA,98
CACCDDDB,98
ADADCAAB,98
BDCDBAAB,98
ACCBDCCD,98
AAAAADDC,98
BCDCBCBD,98
CCBDACBD,98
BACCCBAB,98
CDBDCCBC,98
CACAADAA,98
BDCBABAC,98
ADAACCAA,98
BBDCBBBB,97
BACBCBCD,97
DACABDDC,97
ABCABAAC,97
ACDCBBCB,97
DDBDCBAD,97
AABDAADC,97
DABDDDCA,97
DDAACBAD,97
ACDCAADA,97
CAABCBCC,97
AACCBADA,96
DDDADBBC,96
CDBCCDAB,96
DADACCCB,96
ACAABDAC,96
DADBBCCD,96
AADAACBB,96
BBCABCCD,96
BACADBCB,96
BDCDBAAC,96
DBAAADCA,96
DBBACDAD,96
DBCCDDCC,96
BDADCDBB,96
DDBCCBAB,95
CBADADAD,95
ACBCBCCA,95
DADCDCBA,95
BABACABD,95
CADDBBDB,95
BDBBACAB,95
CABCDDBC,95
ADCCCADC,95
CBCDAABA,95
CCABDDCA,95
BDDDACBD,94
AACDDBCC,94
CCABCDDD,94
BCADCBAD,94
BBDBBACA,94
ABCAACDC,94
BDCDCCBB,94
ACACBBBA,94
AAADCBDD,94
CCADADDB,94
AABDDDBA,93
AAAAADDD,93
AADADCBC,93
ADACBACA,93
DBBBCCDC,93
ABABDBCD,93
CBBCCDAD,93
CCAABACD,93
CBCDAABB,93
DAAADAAC,93
ADDBBBCA,93
BADCBDAB,93
BABDACAC,93
AAADACDD,93
BBBCCADB,93
BDBAAADB,93
CCCDDDAA,93
AACBBCCC,93
BDADDCBA,93
BBDDCCCA,93
CDADBBBB,93
CABABACC,93
DBCADADA,93
ABCBDAAD,93
BAABBABC,93
DAACCBAA,92
CADCACAD,92
AAACBDAA,92
ABBBADCA,92
BADAACCB,92
DABBDACB,92
BACBCCDB,92
BBBBBCBA,92
CBBCABBA,92
ABCAACCA,92
BBBBBACD,91
BDACACCD,91
ADDACBCA,91
DBBADADD,91
DDADBABA,91
BBBDAACC,91
BBBDCACC,91
CAABACDB,91
CDAADCDB,91
CAADAADC,91
AACCBCCA,91
ACACABDD,91
AAAABBAA,91
DBABACCD,91
BDBBABCB,91
BBCCDCCC,91
BBBDAACC,91
ABACDCAA,91
CCABCCAA,91
DAAADACD,91
DAADCBAD,91
ADAACBAC,90
DCCCDDAD,90
BBBBDCCC,90
CBBACADA,90
CBACADBB,90
ABCDDBDC,90
ADCCCDAB,90
BDCCBBAB,90
DDBDCCBA,90
DBACAAAA,90
BCACCDBB,90
DCBBCCAB,90
ABAABDAA,90
BBAACCBC,90
DBBACABD,90
CCABDADC,90
BCBDDDDA,90
CACDCAAD,89
BCDAACCC,89
BBABDDCC,89
DDDCADAA,89
AADACDCC,89
DACADAAD,89
CDBDBACC,89
BACBCCBD,89
ADAABDCC,89
DAABBDCA,89
DCABABAC,89
BDCACCDB,89
CBCCDCCA,89
BDBABADC,89
BBCCCDDA,89
BACBADBA,89
DBCAADAA,89
BCABDCBB,89
DCBBADAD,89
BAABCBAA,88
BCCDBACA,88
CDABBDBB,88
BCADDAAD,88
DCCADDCB,88
AAADADDC,88
BBADDAAA,88
BBCDDAAA,88
ADCAABDA,88
BBACDAAD,88
ACBADBDC,88
DDCDADDA,88
ABABDBBD,88
DCDAACBB,88
BAABBADD,88
ACBADBDC,88
CABDCDBA,88
CBAABCBA,88
ACADBCAB,88
CBABBBDD,88
AABCBBCD,88
ADDCADDB,88
DDDDBDAD,87
BACACADD,87
ADBABACA,87
DCCDCDBB,87
DCBABACC,87
BCDADBAD,87
ABBABDAB,87
DBDDAACB,87
CADBBCAA,87
DCBBACAC,87
DBBDCBAD,87
ACBCCCDB,87
ADDDAABA,87
AABBADCA,86
DBCBDACB,86
DDACDBCD,86
ADAAADCB,86
ACCDBBCC,86
BBBACCCD,86
ADDDDADD,86
BABCAACB,86
ACDAADBC,86
DBBDADDA,86
ADCBBACC,86
CBBCCAAB,86
BBDADADB,86
BBDADCCA,86
AABCCDCD,86
BADDAAAD,86
ADAADDAB,86
AAABBDBC,86
AADCBDDC,86
DDADBACD,86
BBCCBABA,86
CCBABBDC,86
BABCADAD,86
DBACACDB,86
AACCBBDD,86
ACBDABAB,86
DADADAAC,85
ACDDACDA,85
BBAACDDC,85
BACABCAD,85
ABACDCBD,85
DBBDCAAD,85
ACBDADDC,85
CCABBDBC,85
BCDADDBC,85
ABDADDCD,85
BDABABBA,85
BCDAADCB,85
DCCCDDBC,85
ABCCDDAB,85
DDCBDDAD,85
ADBBDCBB,85
ABDCACDA,85
DCAABDBD,85
CBBCDCDA,84
BABCACAA,84
DBDBACDC,84
CDABBDBA,84
CDDCDBBD,84
AABCCABD,84
BDCADBDB,84
DACBDCBA,84
CCDCCDCB,84
BCADDDAA,84
ABABDCCA,84
ABDDDDCD,84
AABCAACA,84
CBCBDDBA,84
BBCAACBC,84
BBCDAADA,84
CDDDBCCB,84
ADCBBAAD,84
CACDCDBA,84
AADBACAC,84
BBCDADAD,84
AACAABBA,84
DABDADCD,83
DCABDACD,83
BBAABDBB,83
ADBACACD,83
ABCCAACA,83
BCACDCBD,83
BDDDDACD,83
ADBBDCAD,83
CDBBACDA,83
AABCDCDD,83
CCDDACAD,83
BBBCCABD,83
BABABACD,83
CBDCBBBC,83
CCBCCABD,83
CBDADCBA,83
BDAABBCA,83
ADBDACCD,83
BAABCACC,83
DBBDCACD,83
CBCDBBDC,83
DAACDDCD,83
DDDDACBA,83
DCDCDCBB,83
AACCBBBC,83
CDADBCDB,83
DACDDAAA,83
ADCCDADB,83
CDBBDCAA,83
BBBBDCBA,83
DCABBBBB,82
AABCABAA,82
ABCDAADC,82
DCDDBBCC,82
CCACBACC,82
CBDBDCBB,82
ACBCDBAC,82
DDDABADC,82
CBCCCCAD,82
ABBADCAD,82
DBBDADDC,82
ABCDBACC,82
CCAABABA,82
DABBDBCC,82
DCCCADBD,82
DCAACDAB,82
ABCABDAA,82
ABACCBCA,82
CACBACCA,82
DDCCDCDB,82
CADCCCAA,82
BBCDADDA,82
ADCAACDA,82
DCDACDAA,82
DBBDABAB,82
DBDBBADA,82
CBACACDD,82
CBDDAADA,82
DBCBCCAC,82
BACBBCBC,81
ADCDACCB,81
CBCBBBBC,81
DAABDCAA,81
DCCBCABC,81
AAADDBDC,81
AABCADAA,81
ABACDAAA,81
CDADBCAA,81
ABABBDCB,81
BACCCABC,81
BBDADABD,81
CCADBCDA,81
ADADADBD,81
BDAADBBB,81
CDCCBBDB,81
BACDAAAD,81
CABCBCCC,81
BADBBDCB,81
AABDABCD,81
BDAADCAB,81
DCACBBDD,81
CDADBCAD,81
CBDDDBCB,81
DCCADDAA,81
BAACCABD,81
BCCCDCBC,81
BACBABCC,81
CDACDCDA,81
AACCAADD,81
BDAADCAB,81
AAADADBC,80
CBDDDADB,80
ACCCACCD,80
ABCCBCAB,80
BDCBDDDB,80
DCDDBBCD,80
DDDCABCC,80
BCDCACAB,80
CCCAABDB,80
ACBBCDDA,80
BDBCADDA,80
DCACCDBB,80
DADDDDAC,80
CDBCACCD,80
BDBCADDA,80
CDBCABAA,80
DACDDBBB,80
CADDBAAD,80
AACABCDC,80
AACADAAC,80
BCDDAAAA,80
CADBBACD,80
DBBCABAA,80
AAADDAAA,80
ACBDACCC,80
ACCDDCCD,80
CAADACAD,80
ABCDBBBB,80
BDBBCAAC,80
CDCDADDD,80
ABBCCDCA,79
BACACADA,79
CAABBACD,79
ACCADCDB,79
ACDBACDD,79
CABAADAC,79
CCCABCDC,79
ABCADDBD,79
BACDAACD,79
DACDDAAB,79
CAADAADA,79
DCDBCDBA,79
DADABCBA,79
ACABBBCD,79
BDCABBDB,79
ADCBABBA,79
DACADBDB,79
AAAACDAD,79
DACBDCAC,79
CABADAAC,79
BBDACCAB,79
CAADADBC,79
BABCCDBC,79
CCBDABCB,79
BCDCCBCC,78
AABDCBDB,78
CADDCADB,78
CCDCCDBB,78
CCACCDBB,78
BADADCAB,78
DCBCABAD,78
CBBCCDAB,78
BCDCCCDC,78
DACBBBDB,78
DADBBDCB,78
CCBCADDA,78
CCBDAABD,78
CDDDBBBD,78
CBABBACB,78
DCBBADBB,78
BAACCCCD,78
BCDCDDDC,78
CCBACBBD,78
BAACBCCA,78
BDBABACB,78
ACBDCBAD,78
BBCBABDC,78
DBADADBA,78
BBDBCADD,78
BBBBDCCD,78
DDCBCBCC,78
CCACDBBC,78
CCDAAABC,77
BCCAABAD,77
ADCCCAAA,77
DADDDADA,77
AAACDDDA,77
AADBDBDA,77
BACCADAD,77
DCBDCDBB,77
CDABCBBC,77
DCDBADBA,77
ACBCBBDA,77
DBDABDDD,77
CBBBACCA,77
AAABCADA,77
BADCDACA,77
DACCBCAB,77
BBDCCAAD,77
BCBBACBC,77
BBBACCAB,77
CBDABCDB,77
BBCDBADA,77
DCBAACDA,77
BCBDDAAA,77
ABDADBCB,77
CAABCAAC,77
CCBBACAB,77
CAABDCAD,77
ABDBDACD,77
BADCBBBC,77
DCDDADCC,77
CDACBACC,77
BCBBCCAA,77
CCABBCBB,77
AADCCDCD,77
BCDBDBAD,77
CDABBACB,77
DBDDCCDB,77
DBCDAACD,77
DDACCCBB,77
BDABCABC,77
BABDCDCB,76
AAACBBDA,76
CBCBADBD,76
ABBBBCAA,76
DDBADACC,76
DDAADBDC,76
AAACCBCB,76
BBACCCDA,76
ACCCCDAD,76
DABCACAA,76
ACDCBADD,76
AABBCADB,76
AABCADCA,76
BBDDCDCD,76
ABBDDBBB,76
ACBACCAA,76
ADABABBA,76
BBCCCDCA,76
CCCCCCDA,76
CDCBDCAA,76
AAAADBDD,76
DABCCBBD,76
DDBDBBBC,76
ADDBCBBD,76
ACBBCDDC,76
DDADBBBA,76
DDCDAACB,75
DBDCDDDA,75
ADCCCCAA,75
CBACACAD,75
ADDDBBCC,75
CCBCBBCA,75
BACACDBD,75
ADDBBCDD,75
CDBAABBC,75
BCCBCAAB,75
CBDDCCBB,75
DADCCABC,75
AAACBBCD,75
ACDDBABD,75
DCDBDDBA,75
BCBBCCAB,75
BABBBDBC,75
CACDCBAA,75
DBBDDAAA,75
BBCBABDD,75
ACDCDADC,75
ACADDCCC,75
AACBCDBD,75
CAACDACB,75
DBAADAAA,75
CDDCDADB,74
CDCBDBCD,74
CDACDABD,74
CDAACBCD,74
BBDCCBBA,74
CBCDCACA,74
ADBBCBBB,74
CCDBDBDA,74
DBBDCACA,74
BDCDCBAA,74
ACBABCDA,74
AADABDAA,74
ABCADADB,74
DAABBBAA,74
ABBBDADD,74
CBACCBCC,74
DDADACAA,74
ABDDCBAD,74
BBBCADCD,74
DBABCBDA,74
CDABBDCA,74
ACBCDAAC,74
DBCCBABB,74
ABDBDCCC,74
AADAAAAB,74
CCCAABDC,74
DDBDCCCD,74
CDBBDBBA,74
DCBBCBCC,73
CCBBDDBB,73
DCAABBBA,73
DDBDBBBB,73
CDCCABCA,73
DBADDCBB,73
BBDABBAB,73
ABBCBDAD,73
BDACCBBB,73
ABCCDBDA,73
CBADCBDB,73
ADBCDADC,73
CCDBCDAD,73
DAABDCCA,73
CDCBDBBD,73
AADBCCBA,73
CDBDCDAA,73
ADDBDDCB,73
AABADADC,73
ACAADBBB,73
DDDBDACC,73
BBAABBCA,73
DBADDCBB,73
BACCCDCD,73
AAACDABB,73
BBCCBAAD,73
BCBADDAD,73
BCBBAABB,73
CCBCADBD,73
CACCBAAC,72
BDABBBDC,72
DCDCBACD,72
CCCCACCD,72
CCCBAACC,72
BDDBCDCB,72
BDCBDDAA,72
BAADACCC,72
CADCAACD,72
DACBAABA,72
BCABCAAB,72
CAADACAB,72
CDDDCBDC,72
DBABCBDD,72
AAAAACBB,72
BCCAAADC,72
DDBACBAC,72
CAADBBDA,72
DABDBDAC,72
DCDDAAAA,72
ACABBCCB,72
ADBABACC,72
DBCCADAA,72
CABBBCBA,72
AABAADBC,71
BADACDAD,71
BDBDDBBC,71
DCADAAAD,71
BAADBBAC,71
CABBADCD,71
DDDCDADB,71
AAABDBCB,71
CCACDABB,71
CDCDDCBD,71
BCDDDDDA,71
CCCBBAAC,71
CADCCDAC,71
CABDBDCB,71
DDCBADDA,71
BDDBCABA,71
ABDDBBCB,71
CDBCABAD,71
ABDCBCDA,71
CDCCCADC,71
CDCDDCBD,71
CBCDAACD,71
BDBCDADB,70
ADACADDC,70
ACCBAACC,70
BDDDBABA,70
CCABBBCA,70
CACABBBD,70
CADCADAA,70
DBDACDDA,70
AADBDBDC,70
BCACBDAA,70
BDABBADA,70
BDCBDDBC,70
BACCDBCB,70
BDBAABBC,70
CBBAAADC,70
BBABDDAC,70
ADCDDCDB,70
DBBBCDCB,70
DDDBCBDB,70
DBADAAAC,70
DABAADAC,70
CADABDAD,70
ADBCDDAA,70
BBBDDDBB,70
ADCAACDC,70
DDCABCCB,70
DCCDCAAA,70
ABDBBCCD,70
DACDAADD,70
CCADBCBC,70
AAACABDA,70
AACBBDBB,70
BCCDBDBA,70
BDBDBBCD,70
CBCDBBBD,70
AACABCCC,70
CACBDCDA,70
DBBACCCC,70
BCACBCDB,70
CDBCCADD,70
DCDBCAAA,70
ADDADDDA,70
ACBBBBBB,70
CCADDDBD,69
ACCCDCDD,69
BADCCBCC,69
DBAABAAD,69
AABDBABC,69
CCAADBDB,69
DDDCABBA,69
BADBACCA,69
DBDCCCBA,69
CCBBACDA,69
CAACAADA,69
CAABABCB,69
ACBCBAAB,69
CACADDDC,69
BACCDBCC,69
CBBCDADC,69
BADBDDBB,69
BCCCACCC,69
CCBABCCC,69
CDDBCDBD,69
DDDCADDB,69
ABDDCBDD,69
AAAABBDC,69
BDABCABB,69
DDDACADC,69
DBADADCB,69
CACADCAB,69
DAAABDDC,69
DDABBDBA,69
AACDDCAD,69
BCACCBAA,69
ACDCCBCC,69
ACCCDCAB,69
CDDAABBB,69
AADDCDCA,68
ABCDCDCD,68
BCBBCCDB,68
BBABDBDB,68
ADBCCAAD,68
ADCCAADA,68
ADCBACDD,68
CBBCCACD,68
DBBCABCA,68
CBDCBCBB,68
ACDDCCAD,68
AACACADC,68
CADACADB,68
CDBAACBC,68
BABADBAC,68
AABBBBBD,68
ABDBBAAA,68
DBADAAAB,68
DCBABCAD,68
DDDBCABA,68
BBCDDBBD,68
CAACADDD,68
CAACBBAA,67
CDBDCDCB,67
BDBACCAC,67
DAADDBDA,67
CBADDCAD,67
AAABAABB,67
BACDCCDC,67
BCDDBCBA,67
CDCCBBBA,67
CBABABBC,67
BABDCCDB,67
DDDADDDC,67
ADBCCADD,67
CAACACCC,67
DCDBCDBD,67
ABCADACA,67
BCBCCAAA,67
DADBCACC,67
AAACBACB,67
CBBDDBBD,67
AABBBCDB,67
ACBCDBCC,67
BBADACDA,67
ABCBBDDC,67
CCBACDCA,67
CDABDABB,67
BDBCCCDC,67
CCBCCBAC,67
BBCBBDAB,67
ADDCDBBB,67
DDCDBCDB,67
ADCCADDD,66
DDABCBAC,66
AABAAACA,66
BADCAABA,66
DADCBDCC,66
DBABCBAD,66
CDCABCBA,66
DBBAAADD,66
BCBDADBC,66
ABCBDBCC,66
DCDCBCDD,66
BADDCBAD,66
BADCADDC,66
ACBBDDDD,66
BABCCBDA,66
BDBCCBAA,66
ACBCDCCB,66
BADDBCBD,66
BACDCDAA,66
CDCCAADA,66
ADBABBCC,66
CADADBCD,66
ACCACADA,66
AAAAADBD,66
CBBCCBBC,66
DBADBCDB,66
ABCADACD,66
ADDABCDB,66
DADBADDB,65
ABABCBBB,65
BACCBBBC,65
CDDACAAD,65
CCCDBDCB,65
ACAABAAA,65
ABAAADCC,65
BCACACCB,65
ACAACBBB,65
DDDBDBAD,65
ADDDABAB,65
ABBCBDAA,65
AACDBCCA,65
BADDDADD,65
BAACAACB,65
ABADBBDA,65
BDCDDBDD,65
CBDDABAB,65
BDCCAADB,65
DADDCCAD,65
BADCBAAB,65
ACCBBCCC,65
AADBCDAA,65
ACCCCABD,64
DBAACBAB,64
CDDBACDA,64
BDDDBADA,64
DDCCCBBD,64
CCBACBAB,64
DBCADBAD,64
DDDDBCDB,64
DDDDCAAB,64
DBADBCCB,64
BDCDACCB,64
BBDABCCC,64
DAADDCDD,64
CCCCDADB,64
DBDCDACC,64
DDDCBDBA,64
CCACCCAA,64
DBDDBCAD,64
CABADBCD,64
ACDBDBDC,64
DDDBBCBA,64
DBDCCCCD,64
BABDBDCA,64
BAADCABC,64
CCABCCCD,64
DBCDBBCB,64
ABBBAAAD,64
BBCDBDDC,64
BDBABCAB,64
BBBCBBAD,64
BBBDBCCB,64
DBCBCDBA,63
DACACAAB,63
BDCCDDCD,63
DBDCDCDA,63
DBCBDACA,63
ABBCCCBB,63
CCBADCDC,63
DDADCCBB,63
AACBADCA,63
BADDCADD,63
CDAACACB,63
CCDCADDD,63
CBAABAAA,63
CADADBDB,63
BBACBAAD,63
BAADCDBC,63
ACACADCC,63
BABABCCC,63
ACABBDDC,63
ACABBDDC,63
BAAADBDC,63
CABCABCC,63
ACACADCC,63
DBACACAC,62
DADABBCB,62
BBAAABDC,62
DCAAACBB,62
ACCCACBC,62
BCBDBCAB,62
CCBABBCA,62
ACABDBDD,62
CDBABBDD,62
DDCAADDA,62
DBBDDDDC,62
BACDCCAD,62
CCDDABBB,62
ACCBACDA,62
CCCAABCA,62
BDCACDBA,62
CCCAABCA,62
BDDCACCB,62
DDBBDBAA,62
BCACABCA,62
DABCAADB,62
DBACACAC,62
ACBBACBB,62
BBCBBBDA,62
BABBBBBD,62
CCCDBCCB,62
CDDDABDC,61
DCDABDBA,61
ABDBDBAB,61
CCCDDCCD,61
DACCDBAA,61
DCBAABCA,61
CABCAABC,61
CDDDBCDA,61
BAAADBBB,61
ABCDCCCB,61
CCAADABB,61
BCADBDAB,61
ABCDBCDD,61
DBADBCAD,61
BBAAACCA,61
DDABBADC,61
BDBBBDBD,61
AADBABBC,61
CBDDBABB,61
DBABADBD,61
CABADACB,61
DDCADBBD,61
CBDACDBC,61
DCCBCBBA,61
CACCABAD,61
CDBCACBD,61
DDCDDCBC,61
CBDAAAAC,61
DCBDBDCA,61
ABBADABC,61
ADBDBCDD,60
CCDBCBAD,60
CBDABDCD,60
DBDDBBDD,60
ADACABDC,60
CABABCBA,60
DBDAAAAC,60
CAACBADA,60
ACDDABAD,60
CDDDDBDD,60
DCCADCDC,60
AAADDBAC,60
DCABBADD,60
ADBBBBBB,60
DCCDBACB,60
ABAAABCC,60
DBCACBDA,60
DADABCAD,60
CDCCCBCA,60
DADBBBCD,60
BACDBABD,60
BDDAABBB,60
CCACADCA,60
CAACBCBB,60
CDDACDCD,60
BABCBCAC,60
DABDBCAA,60
AAABDDBA,60
ADACBAAD,60
BDACDBCB,60
DDCBAAAC,60
CAACACBD,60
CAAACDBA,60
CCBDABCA,59
ABBDDBAA,59
CAABBCBA,59
CCCBDBDC,59
CCCDCABB,59
CCBDDBDD,59
BACDDCAB,59
CBCDAAAC,59
DDACABCC,59
CCBDBCCB,59
BDCAACAC,59
CACDCCBC,59
CDACAACD,59
BADCCBBD,59
ADBADCBD,59
DDADDDDB,59
DBCACBDC,59
CDBDBDCC,58
DBCDDCAA,58
ADDADBDD,58
CABDBDDC,58
CBCCBCCB,58
ADADDDCC,58
BABDABDA,58
BDBADADB,58
BCBCBBCA,58
BADCCBAB,58
DAADDCAC,58
DADDDABC,58
BDCCCCCA,58
BBCACDBC,58
CADCCDBD,58
BCACACDC,58
BABDBADC,58
CDCCCBAB,58
BCDCCBAA,58
CCCBBCDB,58
ABBDDACC,58
DDDDBCCC,58
AADBCDCA,58
ADCADCDC,58
ADDADDAC,58
DBAADABC,57
ABDCDCCD,57
ABDAAAAA,57
BAAADBDD,57
BBDDBDCC,57
BBBCBDDC,57
ADCBADCC,57
DBBCBDDD,57
BDBADCAA,57
DABCADDC,57
CABBCDAB,57
DAAAABAB,57
CDDDCCCA,57
DBABADBA,57
DCCBCDDA,57
CCBDDDBD,57
BBACCBBC,57
CAABDDBD,57
BADDDCBC,57
DCCACAAA,57
DADCCDBA,57
ABBBCBDA,57
ABCAAAAB,57
CBADDACA,57
ADACCBDD,57
ACDBDDBA,56
CAAACCAC,56
DDDCABAD,56
CDAAAACA,56
BADDCCDD,56
DCABDBDC,56
ABCCCCDC,56
CADBADAB,56
CBBCBBCA,56
DDDBADAC,56
DBACCCAC,56
DDDDDDAB,56
CBBDBADC,56
CBABDBAB,56
CDABBCBB,56
BADDBDDC,56
AABBBCAC,56
DDDDDDAB,56
BAAADCCB,56
CDBCBCAB,56
CBADABBC,56
ADDCDBCC,56
CDBCBCCA,56
CDDDBDAB,56
ABABBCBD,56
BAADCCAB,56
BDBDDACC,56
DCBDDCAB,56
DBDDBACD,56
CBBDBABC,56
DCABDBDC,56
BCCCDBBC,56
BBABBCDD,55
DBABDBBC,55
CCBCCCCB,55
DACADABB,55
ACCABDDC,55
CDBDDBDD,55
BCCBACBA,55
CAADBADC,55
DADDADDD,55
DCDDCADB,55
CCBBBBDB,55
CCCBCBBB,55
CBDCBDBA,55
CACBCBBB,55
CDCDDDDB,55
ADBDBCAC,55
CBACCACC,55
CABDDACC,55
CACBDCAC,55
CDABDDCD,55
DBCDACAA,55
DADCDDBD,55
ACCBDBCA,54
BBDBBCAC,54
ADBCDABA,54
DBDABDCD,54
CBAAADBB,54
DACABBCD,54
DDCCADCC,54
DCDBCBCD,54
DCCACBDA,54
CBAAADCC,54
BBDBABAB,54
DCDDCACC,54
DDBDDBCA,54
BBBDABDB,54
AABBCAAA,54
CBAAADCD,54
CDBDCDCC,54
AADDCACC,54
DCCDBBCA,54
CDDABCAD,54
DADCCBBC,54
DADDCABA,53
CBDDCDDB,53
BCCCBBCC,53
BCDDBADB,53
DBAAABCA,53
DCACBDBB,53
DDBCDDCC,53
ACDCDACA,53
ADDBAACB,53
DBCBDBDD,53
ADBBDABB,53
DCCDBABC,53
CBBAAAAC,53
CBACDACA,53
AACDCDCA,53
BDBACBAA,53
DCCDBDCD,53
BBCDABCC,53
ADDCAAAD,53
CDCCDBAC,53
CCCDBDDC,52
DCABDDAC,52
AADBDABA,52
BDCCABDD,52
CCCAAABB,52
DACABBCA,52
ACCACDCD,52
ADBABDCA,52
BADDBDAA,52
CCCCBADC,52
DBCDDDBD,52
DBADACAB,52
ADACCBAA,52
DCCCDACC,52
DBABCBCA,52
CCDCDCCA,52
DDDACAAA,52
CDDDCCDD,52
DDCCBCBB,52
BACDCDDB,52
ADDBDBCC,51
BDBCCCBB,51
BCDDABDD,51
DBCBBDBC,51
BCCBCBCB,51
ADDDDBDD,51
CDCCACDB,51
DCABBCDA,51
CAAABCAA,51
DABAADBA,51
DAAAACAC,51
CDDCACDD,51
CBACDACC,51
BBBBBBBD,51
ACDCCBBB,51
DDCACBDC,51
ACDCCABB,51
CBBCDDDB,51
ADBABDDA,50
BAADCCBA,50
DBADBCAC,50
AABDDABC,50
AADCDCCA,50
DDBCDDBD,50
AADCCBAA,50
CCCBACBA,50
DBDDACAC,50
DCCACBDC,50
BDCAAAAC,50
BBBCCCCC,50
BBABBCBA,50
AABBBDBC,50
CAABADDC,50
DCDDACDD,50
CDDACDDC,50
DBCDCCCC,50
DDBADCDD,49
CBCBCDBD,49
DCCCDCAD,49
CDDABBBB,49
CCCCABAB,49
CCBBCBBD,49
CBCDDCCC,49
CCCBDBCB,49
CAAACABB,49
CCBDBBCA,49
CCACDDDD,49
DCCBCBBC,49
CACACCAC,49
BCBAAADD,49
ADDDABBC,49
CDCABBCA,49
CBCDABDB,49
DBCDDCAB,49
ADDDBABC,49
ACDBDDBD,49
BBBDBDBB,49
CCCCCAAB,48
BCBBCDDC,48
CCCCCAAB,48
BBBDBACC,48
ABDDACCA,48
CDDACCCC,48
DBABDBAD,48
DBABBBCA,48
DBADCDDA,48
DDABDDAD,48
BBCDDDCD,48
BAADDBDA,47
ACDBADCC,47
BCDCACBC,47
DDDCCBCD,47
DBCBACDC,47
BACDBADC,47
BDBCBCDA,47
AADDDDCD,47
CBDBABDB,47
DACCABDB,47
BADDABCA,46
DADBDABD,46
DDACCABD,46
CCCCBDDB,46
CCBDBAAD,46
ABCDCABA,46
DACDBADA,46
BDDACACB,46
CDCABDCC,46
ABBDDDDD,46
DDABBABB,46
DCCBDBAC,46
ADBDDCDD,45
CDBBCBBC,45
BBCDDCCB,45
CDCCCBDB,45
DBCDDCCA,45
ADBBBDBB,45
ACACABDB,44
ABDCABDD,44
BADABBCA,44
CBCDCACD,44
BACCCCCB,44
BCDDCABA,44
CCACABDB,43
AADBAADC,43
CCACACBC,43
ABBBBDBA,43
CCCCCBAD,43
DACDBCBA,43
ABBBCBCA,42
CBCBCDAB,42
DBAAAABD,42
BCBCDDDC,42
ADBDCCAC,42
BCDDDCAD,42
CDBDDABA,42
BCDCADCA,42
ABADDDBC,42
BBBDBABB,42
CCCCBACC,42
DBCBCBAD,42
CDBAAAAC,41
BCAAAABC,41
BDDBAAAA,41
ABDCABDB,40
ADDDCDDB,40
CABADDCA,39
ABADDDCD,39
DCCBBCBB,38
DABDBADD,38
ADDDCCAB,38
DBBDBBDD,37
ADABCCCC,37
DDDDDCAD,36
DDACACAB,36
DABADDAB,36
BADBADDB,35
DDDCCACA,34
DBBCBCBA,34
DDABBBDB,34
ADBBDBBD,33
BCBBCBCA,33
DBADDDBA,33
ADDBAAAA,32
CCCCCBBC,30
BBBDBBDB,30
BADBADDD,30
DBADBADB,25
